data,loja,produto,quantidade,preco_unitario
2025-01-01,Loja Sul,Boné,1,39.9
2025-01-02,Loja Centro,Camiseta,1,49.9
2025-01-03,Loja Sul,Calça,5,129.9
2025-01-04,Loja Sul,Camiseta,6,49.9
2025-01-05,Loja Centro,Calça,3,129.9
2025-01-06,Loja Centro,Boné,9,39.9
2025-01-07,Loja Sul,Boné,5,39.9
2025-01-08,Loja Norte,Calça,8,129.9
2025-01-09,Loja Sul,Tênis,1,249.9
2025-01-10,Loja Sul,Calça,5,129.9
2025-01-11,Loja Sul,Tênis,3,249.9
2025-01-12,Loja Sul,Camiseta,1,49.9
2025-01-13,Loja Centro,Camiseta,4,49.9
2025-01-14,Loja Sul,Camiseta,5,49.9
2025-01-15,Loja Norte,Boné,7,39.9
2025-01-16,Loja Centro,Camiseta,1,49.9
2025-01-17,Loja Norte,Tênis,3,249.9
2025-01-18,Loja Norte,Camiseta,2,49.9
2025-01-19,Loja Norte,Calça,9,129.9
2025-01-20,Loja Norte,Calça,10,129.9
2025-01-21,Loja Centro,Boné,6,39.9
2025-01-22,Loja Centro,Calça,10,129.9
2025-01-23,Loja Norte,Tênis,3,249.9
2025-01-24,Loja Norte,Camiseta,8,49.9
2025-01-25,Loja Centro,Boné,8,39.9
2025-01-26,Loja Centro,Camiseta,2,49.9
2025-01-27,Loja Centro,Camiseta,6,49.9
2025-01-28,Loja Sul,Tênis,7,249.9
2025-01-29,Loja Sul,Calça,2,129.9
2025-01-30,Loja Sul,Calça,10,129.9
2025-01-31,Loja Norte,Camiseta,2,49.9
2025-02-01,Loja Sul,Boné,10,39.9
2025-02-02,Loja Norte,Calça,1,129.9
2025-02-03,Loja Norte,Boné,8,39.9
2025-02-04,Loja Sul,Calça,1,129.9
2025-02-05,Loja Norte,Boné,9,39.9
2025-02-06,Loja Sul,Tênis,6,249.9
2025-02-07,Loja Sul,Boné,7,39.9
2025-02-08,Loja Centro,Tênis,10,249.9
2025-02-09,Loja Sul,Tênis,7,249.9
2025-02-10,Loja Centro,Boné,10,39.9
2025-02-11,Loja Sul,Tênis,3,249.9
2025-02-12,Loja Sul,Camiseta,2,49.9
2025-02-13,Loja Centro,Tênis,9,249.9
2025-02-14,Loja Centro,Calça,8,129.9
2025-02-15,Loja Sul,Boné,10,39.9
2025-02-16,Loja Norte,Camiseta,7,49.9
2025-02-17,Loja Centro,Boné,9,39.9
2025-02-18,Loja Norte,Calça,4,129.9
2025-02-19,Loja Norte,Calça,4,129.9
2025-02-20,Loja Norte,Calça,1,129.9
2025-02-21,Loja Centro,Tênis,8,249.9
2025-02-22,Loja Norte,Tênis,3,249.9
2025-02-23,Loja Centro,Boné,7,39.9
2025-02-24,Loja Norte,Boné,2,39.9
2025-02-25,Loja Sul,Camiseta,2,49.9
2025-02-26,Loja Sul,Camiseta,7,49.9
2025-02-27,Loja Centro,Boné,6,39.9
2025-02-28,Loja Sul,Tênis,3,249.9
2025-03-01,Loja Sul,Calça,9,129.9
2025-03-02,Loja Norte,Boné,10,39.9
2025-03-03,Loja Centro,Camiseta,6,49.9
2025-03-04,Loja Norte,Tênis,10,249.9
2025-03-05,Loja Norte,Boné,10,39.9
2025-03-06,Loja Norte,Boné,6,39.9
2025-03-07,Loja Norte,Tênis,1,249.9
2025-03-08,Loja Norte,Boné,4,39.9
2025-03-09,Loja Norte,Tênis,10,249.9
2025-03-10,Loja Norte,Calça,6,129.9
2025-03-11,Loja Centro,Tênis,6,249.9
2025-03-12,Loja Sul,Tênis,5,249.9
2025-03-13,Loja Norte,Tênis,1,249.9
2025-03-14,Loja Norte,Boné,8,39.9
2025-03-15,Loja Norte,Boné,5,39.9
2025-03-16,Loja Norte,Tênis,5,249.9
2025-03-17,Loja Norte,Boné,7,39.9
2025-03-18,Loja Norte,Camiseta,4,49.9
2025-03-19,Loja Sul,Camiseta,6,49.9
2025-03-20,Loja Sul,Boné,4,39.9
2025-03-21,Loja Norte,Boné,3,39.9
2025-03-22,Loja Sul,Tênis,7,249.9
2025-03-23,Loja Centro,Calça,8,129.9
2025-03-24,Loja Norte,Boné,4,39.9
2025-03-25,Loja Centro,Camiseta,2,49.9
2025-03-26,Loja Centro,Tênis,10,249.9
2025-03-27,Loja Norte,Boné,3,39.9
2025-03-28,Loja Sul,Camiseta,1,49.9
2025-03-29,Loja Centro,Camiseta,8,49.9
2025-03-30,Loja Norte,Calça,3,129.9
2025-03-31,Loja Centro,Tênis,10,249.9
2025-04-01,Loja Centro,Tênis,7,249.9
2025-04-02,Loja Centro,Calça,10,129.9
2025-04-03,Loja Centro,Calça,5,129.9
2025-04-04,Loja Sul,Tênis,10,249.9
2025-04-05,Loja Centro,Tênis,5,249.9
2025-04-06,Loja Centro,Boné,7,39.9
2025-04-07,Loja Centro,Boné,9,39.9
2025-04-08,Loja Sul,Calça,5,129.9
2025-04-09,Loja Centro,Boné,1,39.9
2025-04-10,Loja Centro,Camiseta,10,49.9
2025-04-11,Loja Sul,Boné,10,39.9
2025-04-12,Loja Sul,Boné,1,39.9
2025-04-13,Loja Sul,Camiseta,2,49.9
2025-04-14,Loja Centro,Calça,6,129.9
2025-04-15,Loja Sul,Camiseta,9,49.9
2025-04-16,Loja Sul,Boné,8,39.9
2025-04-17,Loja Centro,Calça,5,129.9
2025-04-18,Loja Sul,Boné,1,39.9
2025-04-19,Loja Centro,Camiseta,7,49.9
2025-04-20,Loja Norte,Camiseta,5,49.9
2025-04-21,Loja Sul,Boné,6,39.9
2025-04-22,Loja Norte,Tênis,7,249.9
2025-04-23,Loja Centro,Tênis,3,249.9
2025-04-24,Loja Sul,Camiseta,10,49.9
2025-04-25,Loja Centro,Camiseta,3,49.9
2025-04-26,Loja Norte,Tênis,5,249.9
2025-04-27,Loja Centro,Tênis,6,249.9
2025-04-28,Loja Sul,Boné,9,39.9
2025-04-29,Loja Sul,Boné,5,39.9
2025-04-30,Loja Norte,Tênis,1,249.9
2025-05-01,Loja Centro,Boné,4,39.9
2025-05-02,Loja Sul,Boné,5,39.9
2025-05-03,Loja Norte,Calça,10,129.9
2025-05-04,Loja Sul,Boné,10,39.9
2025-05-05,Loja Sul,Camiseta,5,49.9
2025-05-06,Loja Centro,Boné,7,39.9
2025-05-07,Loja Sul,Boné,4,39.9
2025-05-08,Loja Centro,Tênis,1,249.9
2025-05-09,Loja Sul,Camiseta,5,49.9
2025-05-10,Loja Norte,Boné,7,39.9
2025-05-11,Loja Sul,Boné,10,39.9
2025-05-12,Loja Centro,Calça,10,129.9
2025-05-13,Loja Centro,Boné,6,39.9
2025-05-14,Loja Norte,Boné,5,39.9
2025-05-15,Loja Sul,Calça,4,129.9
2025-05-16,Loja Sul,Tênis,2,249.9
2025-05-17,Loja Norte,Boné,4,39.9
2025-05-18,Loja Sul,Calça,10,129.9
2025-05-19,Loja Sul,Camiseta,10,49.9
2025-05-20,Loja Centro,Tênis,3,249.9
2025-05-21,Loja Sul,Camiseta,10,49.9
2025-05-22,Loja Sul,Camiseta,1,49.9
2025-05-23,Loja Norte,Calça,8,129.9
2025-05-24,Loja Norte,Boné,5,39.9
2025-05-25,Loja Centro,Calça,4,129.9
2025-05-26,Loja Sul,Calça,8,129.9
2025-05-27,Loja Sul,Calça,7,129.9
2025-05-28,Loja Sul,Calça,2,129.9
2025-05-29,Loja Centro,Tênis,1,249.9
2025-05-30,Loja Centro,Boné,4,39.9
2025-05-31,Loja Norte,Camiseta,8,49.9
2025-06-01,Loja Centro,Camiseta,2,49.9
2025-06-02,Loja Sul,Boné,3,39.9
2025-06-03,Loja Sul,Camiseta,1,49.9
2025-06-04,Loja Centro,Boné,1,39.9
2025-06-05,Loja Sul,Camiseta,3,49.9
2025-06-06,Loja Sul,Calça,5,129.9
2025-06-07,Loja Centro,Camiseta,3,49.9
2025-06-08,Loja Centro,Boné,1,39.9
2025-06-09,Loja Sul,Boné,1,39.9
2025-06-10,Loja Sul,Boné,8,39.9
2025-06-11,Loja Sul,Boné,10,39.9
2025-06-12,Loja Norte,Boné,2,39.9
2025-06-13,Loja Norte,Tênis,3,249.9
2025-06-14,Loja Norte,Tênis,2,249.9
2025-06-15,Loja Centro,Camiseta,3,49.9
2025-06-16,Loja Norte,Boné,7,39.9
2025-06-17,Loja Centro,Camiseta,1,49.9
2025-06-18,Loja Centro,Boné,10,39.9
2025-06-19,Loja Norte,Boné,8,39.9
2025-06-20,Loja Norte,Tênis,10,249.9
2025-06-21,Loja Norte,Tênis,10,249.9
2025-06-22,Loja Sul,Calça,10,129.9
2025-06-23,Loja Norte,Tênis,2,249.9
2025-06-24,Loja Sul,Calça,3,129.9
2025-06-25,Loja Centro,Calça,9,129.9
2025-06-26,Loja Sul,Calça,7,129.9
2025-06-27,Loja Norte,Calça,4,129.9
2025-06-28,Loja Centro,Calça,10,129.9
2025-06-29,Loja Centro,Camiseta,5,49.9
2025-06-30,Loja Centro,Tênis,2,249.9
2025-07-01,Loja Sul,Calça,8,129.9
2025-07-02,Loja Norte,Boné,4,39.9
2025-07-03,Loja Centro,Tênis,9,249.9
2025-07-04,Loja Centro,Tênis,5,249.9
2025-07-05,Loja Centro,Calça,9,129.9
2025-07-06,Loja Sul,Camiseta,4,49.9
2025-07-07,Loja Sul,Calça,10,129.9
2025-07-08,Loja Norte,Camiseta,5,49.9
2025-07-09,Loja Sul,Boné,9,39.9
2025-07-10,Loja Centro,Tênis,8,249.9
2025-07-11,Loja Norte,Boné,3,39.9
2025-07-12,Loja Centro,Camiseta,1,49.9
2025-07-13,Loja Centro,Camiseta,3,49.9
2025-07-14,Loja Sul,Boné,4,39.9
2025-07-15,Loja Norte,Camiseta,2,49.9
2025-07-16,Loja Sul,Boné,1,39.9
2025-07-17,Loja Sul,Tênis,7,249.9
2025-07-18,Loja Norte,Boné,8,39.9
2025-07-19,Loja Centro,Tênis,7,249.9
